<?xml version="1.0"?>
<!DOCTYPE softwarelist SYSTEM "softwarelist.dtd">
<!--
license:CC0-1.0
-->

<softwarelist name="ggm" description="GGM cartridges">

<!-- Applied Concepts Great Game Machine (GGM) / Chafitz Modular Game System (MGS) game cartridges -->

	<software name="boris25">
		<description>Boris 2.5 / Sargon 2.5</description>
		<year>1980</year>
		<publisher>Applied Concepts</publisher>
		<part name="cart" interface="ggm">
			<feature name="overlay" value="0x01" />
			<dataarea name="rom" size="0x8000">
				<rom name="007-7039-00" offset="0x4000" size="0x1000" crc="0db2e277" sha1="9f8823739d28b0a0e3857b7c672aa2514cd6816b" /> <!-- AMD AM9232CPC -->
				<rom                    offset="0x6000" size="0x1000" loadflag="reload" />
				<rom name="0077040xxx"  offset="0x5000" size="0x1000" crc="980fa10f" sha1="5ec814bbaf583031acbe2c0199a6195c2849ef5e" /> <!-- Rockwell R3280-11 -->
				<rom                    offset="0x7000" size="0x1000" loadflag="reload" />
			</dataarea>
		</part>
	</software>

	<software name="capa">
		<description>Capablanca Edition: Master Chess Endgame</description>
		<year>1981</year>
		<publisher>Applied Concepts</publisher>
		<part name="cart" interface="ggm">
			<feature name="overlay" value="0x02" />
			<feature name="ram" value="1" /> <!-- HM6116LP-3 @ 0x800-0xfff -->
			<dataarea name="rom" size="0x10000">
				<rom name="7092-02" offset="0x6000" size="0x2000" crc="a792e8e2" sha1="b63e709cb953456e1c8b088225f7f385c433b8f9" /> <!-- D2764 -->
				<rom name="7093-02" offset="0xe000" size="0x2000" crc="1142fb05" sha1="6ae463701b136e4af35b13f20063811526ca16dd" /> <!-- " -->
			</dataarea>
		</part>
	</software>

	<software name="capas" cloneof="capa">
		<description>Capablanca-S Edition: Master Chess Endgame</description>
		<year>1982</year>
		<publisher>Applied Concepts</publisher>
		<part name="cart" interface="ggm">
			<feature name="overlay" value="0x02" />
			<feature name="ram" value="1" /> <!-- HM6116LP-3 @ 0x800-0xfff -->
			<dataarea name="rom" size="0x10000">
				<rom name="capablanca-s.6" offset="0x6000" size="0x2000" crc="24ab74e0" sha1="473d91458db7f4c771f694934f95ed9d2ab5471a" /> <!-- M27C64A, both ROM labels identical -->
				<rom name="capablanca-s.e" offset="0xe000" size="0x2000" crc="f42700e4" sha1="80cf7da34784865ff3e82b19c0aa269ef778df66" /> <!-- " -->
			</dataarea>
		</part>
	</software>

	<software name="gruen">
		<description>Gruenfeld Edition: Master Chess Openings</description>
		<year>1981</year>
		<publisher>Applied Concepts</publisher>
		<part name="cart" interface="ggm">
			<feature name="overlay" value="0x02" />
			<dataarea name="rom" size="0x8000">
				<rom name="gruenfeld.4" offset="0x4000" size="0x1000" crc="4399306d" sha1="e3af32559c34bd91924ddfeb23c4797c90f1279d" /> <!-- NMC27C32BQ-200, both ROM labels identical -->
				<rom                    offset="0x6000" size="0x1000" loadflag="reload" />
				<rom name="gruenfeld.5" offset="0x5000" size="0x1000" crc="66eddf41" sha1="8a1957f89e7b8a97c17c26fa755f9b640fba0760" /> <!-- " -->
				<rom                    offset="0x7000" size="0x1000" loadflag="reload" />
			</dataarea>
		</part>
	</software>

	<software name="gruens" cloneof="gruen">
		<description>Gruenfeld-S Edition: Master Chess Openings</description>
		<year>1982</year>
		<publisher>Applied Concepts</publisher>
		<part name="cart" interface="ggm">
			<feature name="overlay" value="0x02" />
			<dataarea name="rom" size="0x10000">
				<rom name="7094-00" offset="0x6000" size="0x1000" crc="8e131f0f" sha1="a5f268cd25831719a6491590e0497ecd9bb6ea85" /> <!-- D2732A-3 -->
				<rom                offset="0x7000" size="0x1000" loadflag="reload" />
				<rom name="7095-00" offset="0xe000" size="0x2000" crc="88e02bd8" sha1="ada5db5871e82312e1b1b8da300deeebaeb886e9" /> <!-- D2764 -->
			</dataarea>
		</part>
	</software>

	<software name="lasvegas">
		<description>Las Vegas 21: Master Blackjack</description>
		<year>1980</year>
		<publisher>Applied Concepts</publisher>
		<part name="cart" interface="ggm">
			<feature name="overlay" value="0x04" />
			<dataarea name="rom" size="0x8000">
				<rom name="0077042xxx" offset="0x5000" size="0x1000" crc="26541ac5" sha1="8a3304b4528570d23a7441629efa8de10c37f49e" /> <!-- Rockwell R32E9-11 -->
				<rom                   offset="0x7000" size="0x1000" loadflag="reload" />
			</dataarea>
		</part>
	</software>

	<software name="morphy">
		<description>Morphy Edition: Master Chess</description>
		<year>1981</year>
		<publisher>Applied Concepts</publisher>
		<part name="cart" interface="ggm">
			<feature name="overlay" value="0x02" />
			<dataarea name="rom" size="0x8000">
				<rom name="7075-03" offset="0x4000" size="0x1000" crc="3787e728" sha1="c5408fefdd0fa213b535cbc1e530defd6d90fcfa" /> <!-- HN462732 -->
				<rom                offset="0x6000" size="0x1000" loadflag="reload" />
				<rom name="7076-04" offset="0x5000" size="0x1000" crc="57867a31" sha1="06f415231b4fbf95a9b95664ef2c9c7d1342ef56" /> <!-- " -->
				<rom                offset="0x7000" size="0x1000" loadflag="reload" />
			</dataarea>
		</part>
	</software>

	<software name="sandy" cloneof="morphy">
		<description>Sandy Edition: Master Chess</description>
		<year>1981</year>
		<publisher>Sandy Electronic</publisher>
		<part name="cart" interface="ggm">
			<feature name="overlay" value="0x02" />
			<dataarea name="rom" size="0x8000">
				<rom name="7087-00" offset="0x4000" size="0x1000" crc="7a2482b5" sha1="935a7c460d6b4f97c6ba7044ca064cfe467be737" /> <!-- MBM2732-35 -->
				<rom                offset="0x6000" size="0x1000" loadflag="reload" />
				<rom name="7088-00" offset="0x5000" size="0x1000" crc="8c9359bb" sha1="b74309b29f30a6a7557346d94e692fa138e34eab" /> <!-- " -->
				<rom                offset="0x7000" size="0x1000" loadflag="reload" />
			</dataarea>
		</part>
	</software>

	<software name="odin">
		<description>Odin Edition: Master Reversi</description>
		<year>1981</year>
		<publisher>Applied Concepts</publisher>
		<part name="cart" interface="ggm">
			<feature name="overlay" value="0x05" />
			<dataarea name="rom" size="0x8000">
				<rom name="0_odin_12_31" offset="0x4000" size="0x1000" crc="e40e33d0" sha1="55217755f08bce628c072a5ca950d20052d154a9" /> <!-- HN462532 -->
				<rom                     offset="0x6000" size="0x1000" loadflag="reload" />
				<rom name="1_odin_12_31" offset="0x5000" size="0x1000" crc="1dd4033d" sha1="6f252766b73ef88e5f8e93a5d0d7cf0182739f03" /> <!-- " -->
				<rom                     offset="0x7000" size="0x1000" loadflag="reload" />
			</dataarea>
		</part>
	</software>

	<software name="steinitz">
		<description>Steinitz Edition-4: Master Chess</description>
		<year>1982</year>
		<publisher>Applied Concepts</publisher>
		<part name="cart" interface="ggm">
			<feature name="overlay" value="0x03" />
			<feature name="ram" value="1" /> <!-- HM6116LP-3 @ 0x800-0xfff -->
			<dataarea name="rom" size="0x10000">
				<rom name="7115" offset="0x4000" size="0x2000" crc="53830fac" sha1="3afb75ead1a807dc932a63d137e3fe746ba4c740" /> <!-- NEC D2764D -->
				<rom name="7116" offset="0x6000" size="0x2000" crc="d53c3fc4" sha1="e8be6cebdd85fa51f78130fdb62215a672a2b212" /> <!-- " -->
				<rom name="7117" offset="0xe000" size="0x2000" crc="8130fe6a" sha1="62350eb3555b56f8386da623fd578de737301fd9" /> <!-- " -->
			</dataarea>
		</part>
	</software>

</softwarelist>
