<?xml version="1.0"?>
<!DOCTYPE softwarelist SYSTEM "softwarelist.dtd">
<!--
license:CC0-1.0
-->
<softwarelist name="pet_rom" description="Commodore PET Function ROMs">

	<software name="arrow">
		<description>Arrow</description>
		<year>198?</year>
		<publisher>&lt;unknown&gt;</publisher>

		<part name="rom" interface="pet_a000_rom">
			<dataarea name="rom" size="0x800">
				<rom name="arrow-a000.bin" size="0x800" crc="b80a2dd3" sha1="dedbe978d4df904a06c7b1f6f90d038dc72af4b3" offset="0" />
			</dataarea>
		</part>
	</software>

	<software name="basicexp">
		<description>Basic Expand</description>
		<year>198?</year>
		<publisher>&lt;unknown&gt;</publisher>

		<part name="rom" interface="pet_a000_rom">
			<dataarea name="rom" size="0x1000">
				<rom name="basic expand-a000.bin" size="0x1000" crc="1c278618" sha1="946c508467bfe1ca76cccbd60c07a1c4a679ed71" offset="0" />
			</dataarea>
		</part>
	</software>

	<software name="batpro">
		<description>BATPRO (v4.8)</description>
		<year>1983</year>
		<publisher>North American Rockwell</publisher>

		<part name="rom1" interface="pet_9000_rom">
			<dataarea name="rom" size="0x1000">
				<rom name="bat4_8-9.bin" size="0x1000" crc="da80481b" sha1="d9ebc8a0b0eab81fcb867b1a89f603bef0fb8509" offset="0" />
			</dataarea>
		</part>

		<part name="rom2" interface="pet_a000_rom">
			<dataarea name="rom" size="0x1000">
				<rom name="bat4_8-a.bin" size="0x1000" crc="a19433a9" sha1="266c323a1254cdaecbcc9b10e606f1c16ea9ef64" offset="0" />
			</dataarea>
		</part>
	</software>

	<software name="cluster1">
		<description>Cluster/One (CLO-1002-2, for 2001-16/-32)</description>
		<year>1979</year>
		<publisher>Nestar Systems, Inc.</publisher>

		<part name="rom" interface="pet_9000_rom">
			<dataarea name="rom" size="0x800">
				<rom name="clo-1002-2-9000.bin" size="0x800" crc="d4a9178b" sha1="a026a0db734265b7731a442b5162ff9e314fa723" offset="0" />
			</dataarea>
		</part>
	</software>

	<software name="commando">
		<description>Command-O (for 4016/4032, except "Fat-40")</description>
		<year>1980</year>
		<publisher>Skyles Electric Works Inc.</publisher>

		<part name="rom" interface="pet_rom">
			<dataarea name="rom" size="0x1000">
				<rom name="com40n.bin" size="0x1000" crc="f66e5651" sha1="5ac60dd53e5039b5f2787e249bd57e1febd4cbfc" offset="0" />
			</dataarea>
		</part>
	</software>

	<software name="com80u">
		<description>Command-O (for 8032)</description>
		<year>1981</year>
		<publisher>Skyles Electric Works Inc.</publisher>

		<part name="rom" interface="pet_9000_rom">
			<dataarea name="rom" size="0x1000">
				<rom name="com80u-9000.bin" size="0x1000" crc="7699b86b" sha1="51d43d05b7a657899d471371496de36e447c3ea4" offset="0" />
			</dataarea>
		</part>
	</software>

	<software name="infopro">
		<description>InfoPro</description>
		<year>1982</year>
		<publisher>Professional Software Inc.</publisher>

		<part name="rom" interface="pet_9000_rom">
			<dataarea name="rom" size="0x800">
				<rom name="infopro-9000.bin" size="0x800" crc="60437ebb" sha1="c6758163b6edc09b0f9ed9a9cb3d3470393878eb" offset="0" />
			</dataarea>
		</part>
	</software>

	<software name="keychip">
		<description>KeyChip</description>
		<year>1981</year>
		<publisher>WIRT Microsystems</publisher>

		<part name="rom" interface="pet_9000_rom">
			<dataarea name="rom" size="0x1000">
				<rom name="keychip-9000.bin" size="0x1000" crc="e7b9d8d2" sha1="5825d25206eb82febc9fb2c8fb669e4301cd1101" offset="0" />
			</dataarea>
		</part>
	</software>

	<software name="mcterm095" cloneof="mcterm">
		<description>McTerm 0.95</description>
		<year>1980</year>
		<publisher>Madison Computer</publisher>

		<part name="rom" interface="pet_9000_rom">
			<dataarea name="rom" size="0x800">
				<rom name="mcterm095-9000.bin" size="0x800" crc="4ef176ea" sha1="b7e66e229a077067b7b88bb2f740ed8be4ca5658" offset="0" />
			</dataarea>
		</part>
	</software>

	<software name="mcterm110" cloneof="mcterm">
		<description>McTerm 1.10</description>
		<year>1981</year>
		<publisher>Madison Computer</publisher>

		<part name="rom" interface="pet_9000_rom">
			<dataarea name="rom" size="0x800">
				<rom name="mcterm110-9000.bin" size="0x800" crc="7ff92c17" sha1="4df7e96cf49a5bbbad60eef8dd0449b5233c2c20" offset="0" />
			</dataarea>
		</part>
	</software>

	<software name="mcterm120" cloneof="mcterm">
		<description>McTerm 1.20</description>
		<year>1981</year>
		<publisher>Madison Computer</publisher>

		<part name="rom" interface="pet_9000_rom">
			<dataarea name="rom" size="0x800">
				<rom name="mcterm120-9000.bin" size="0x800" crc="5bdde574" sha1="fe37ea20af85b7e128e3ce8e99cb141bcacecd13" offset="0" />
			</dataarea>
		</part>
	</software>

	<software name="mcterm">
		<description>McTerm 1.21</description>
		<year>1981</year>
		<publisher>Madison Computer</publisher>

		<part name="rom" interface="pet_9000_rom">
			<dataarea name="rom" size="0x800">
				<rom name="mcterm121-9000.bin" size="0x800" crc="90e70127" sha1="7851055eabddc42cea23b404100e83ac0c6f70a8" offset="0" />
			</dataarea>
		</part>
	</software>

	<software name="msvweigh">
		<description>msvweigh</description>
		<year>198?</year>
		<publisher>&lt;unknown&gt;</publisher>

		<part name="rom" interface="pet_a000_rom">
			<dataarea name="rom" size="0x1000">
				<rom name="msvweigh-a000.bin" size="0x1000" crc="9ca60571" sha1="5e54ecea91f29fab6caf1d22be5fe881d2cf6a03" offset="0" />
			</dataarea>
		</part>
	</software>

	<software name="newtim">
		<description>NEWTIM S</description>
		<year>198?</year>
		<publisher>&lt;unknown&gt;</publisher>

		<part name="rom" interface="pet_9000_rom">
			<dataarea name="rom" size="0x1000">
				<rom name="newtim-9000.bin" size="0x1000" crc="f112702a" sha1="2931d99f85b155846d7b143c44bad9f845807e80" offset="0" />
			</dataarea>
		</part>
	</software>

	<software name="newtim31" cloneof="newtim">
		<description>NEWTIM S (v3.1)</description>
		<year>198?</year>
		<publisher>&lt;unknown&gt;</publisher>

		<part name="rom" interface="pet_9000_rom">
			<dataarea name="rom" size="0x1000">
				<rom name="newtim31-9000.bin" size="0x1000" crc="67a08502" sha1="167e163822d2eae0ea51b25b5f6f8435ed939813" offset="0" />
			</dataarea>
		</part>
	</software>

	<software name="oracl303">
		<description>Oracle 3.03</description>
		<year>1983</year>
		<publisher>Batteries Included Inc.</publisher>

		<part name="rom" interface="pet_9000_rom">
			<dataarea name="rom" size="0x1000">
				<rom name="oracl303-9000.bin" size="0x1000" crc="1ee9485d" sha1="f876933087c9633b0fafff4d1dc198017f250267" offset="0" />
			</dataarea>
		</part>
	</software>

	<software name="orgabasi">
		<description>OrgaBASIC 101 (v1.4.015)</description>
		<year>198?</year>
		<publisher>&lt;unknown&gt;</publisher>

		<part name="rom" interface="pet_a000_rom">
			<dataarea name="rom" size="0x1000">
				<rom name="orgabasic101-a000.bin" size="0x1000" crc="3bc24624" sha1="0071e0db215caf6333152bc874d85315eebc95c4" offset="0" />
			</dataarea>
		</part>
	</software>

	<software name="petbasc2">
		<description>Basic Erweiterung 1 (Ger)</description>
		<year>198?</year>
		<publisher>&lt;unknown&gt;</publisher>

		<part name="rom" interface="pet_b000_rom">
			<dataarea name="rom" size="0x800">
				<rom name="petbasic2-erweiterung-b000.bin" size="0x800" crc="73995c95" sha1="697ed7d6ad6774b7ddcf1e08a6ab42ebf9ce731a" offset="0" />
			</dataarea>
		</part>
	</software>

	<software name="pclip284">
		<description>Paperclip 2.84</description>
		<year>1982</year>
		<publisher>Batteries Included</publisher>

		<part name="rom" interface="pet_a000_rom">
			<dataarea name="rom" size="0x1000">
				<rom name="pclip284-a000.bin" size="0x1000" crc="8fb11d4b" sha1="1c0f883cd3b8ded42ec00d83f7e7f0887f91fec0" offset="0" />
			</dataarea>
		</part>
	</software>

	<software name="power">
		<description>POWER</description>
		<year>1981</year>
		<publisher>Professional Software Inc.</publisher>

		<part name="rom" interface="pet_9000_rom">
			<dataarea name="rom" size="0x1000">
				<rom name="power-9000.bin" size="0x1000" crc="76c4cc52" sha1="49be69cd2a00c5ae646f6ce7ea9106b0f58610e9" offset="0" />
			</dataarea>
		</part>
	</software>

	<software name="sorta000">
		<description>SORT ($A000 version)</description>
		<year>1981</year>
		<publisher>Matrix Software</publisher>

		<part name="rom" interface="pet_a000_rom">
			<dataarea name="rom" size="0x800">
				<rom name="sort-a000.bin" size="0x800" crc="d9e3be19" sha1="37886a296ee5de9888af6931aa869f8039ed14e5" offset="0" />
			</dataarea>
		</part>
	</software>

	<software name="spellmst">
		<description>Spellmaster</description>
		<year>198?</year>
		<publisher>&lt;unknown&gt;</publisher>

		<part name="rom" interface="pet_9000_rom">
			<dataarea name="rom" size="0x1000">
				<rom name="spellmaster-9000.bin" size="0x1000" crc="b9b768c7" sha1="83275c32c04cad2e1ea81dab1428f64406b6bd52" offset="0" />
			</dataarea>
		</part>
	</software>

	<software name="superchp">
		<description>PetMaster Superchip</description>
		<year>1980</year>
		<publisher>Supersoft</publisher>

		<part name="rom" interface="pet_9000_rom">
			<dataarea name="rom" size="0x800">
				<rom name="superchip-9000.bin" size="0x800" crc="5919a8a7" sha1="ab71be435241fbe462b7ef7c7f84c7b93103e53e" offset="0" />
			</dataarea>
		</part>
	</software>

	<software name="supertol">
		<description>SUPER*TOOL</description>
		<year>1981</year>
		<publisher>PDATA</publisher>
		<info name="usage" value="Requires BASIC 2 (works on pet2001n).  Enter 'SYS 37000' to run"/>

		<part name="rom" interface="pet_9000_rom">
			<dataarea name="rom" size="0x1000">
				<rom name="supertool-9000.bin" size="0x1000" crc="69c8c549" sha1="5093f117981edd1cb5c5214359c266838acc3a13" offset="0" />
			</dataarea>
		</part>
	</software>

	<software name="suo9000">
		<description>SUO 001024</description>
		<year>198?</year>
		<publisher>&lt;unknown&gt;</publisher>

		<part name="rom" interface="pet_9000_rom">
			<dataarea name="rom" size="0x1000">
				<rom name="suo-9000.bin" size="0x1000" crc="67b6be0d" sha1="e982101daafe644f0c17d16d46847a1a36d399cc" offset="0" />
			</dataarea>
		</part>
	</software>

	<software name="toolkit2">
		<description>The BASIC Programmer's Toolkit (for BASIC 2.0)</description>
		<year>1979</year>
		<publisher>Palo Alto ICs Inc.</publisher>

		<part name="rom" interface="pet_b000_rom">
		<!--
		TODO: The screen fills with garbage when run like this:
		    $ mame pet2001n32 toolkit2
		and started with:
		    SYS 45056
		We need to check this and should add notes with the emulator
		options required to run the various versions of Toolkit.
		-->
			<dataarea name="rom" size="0x800">
				<rom name="toolkit2-b000.bin" size="0x800" crc="bf8d29f3" sha1="324508c0cec374c80387b4286ed1b0fee9159486" offset="0" />
			</dataarea>
		</part>
	</software>

	<software name="toolkit">
		<description>The BASIC Programmer's Toolkit (for BASIC 3.0)</description>
		<year>1979</year>
		<publisher>Palo Alto ICs Inc.</publisher>

		<part name="rom" interface="pet_b000_rom">
			<dataarea name="rom" size="0x800">
				<rom name="toolkit-b000.bin" size="0x800" crc="d8bace2a" sha1="783f3fa12ae080ccaab51f1a3ab651921b2494b8" offset="0" />
			</dataarea>
		</part>
	</software>

	<software name="toolkit4">
		<description>The BASIC Programmer's Toolkit (for BASIC 4.0)</description>
		<year>1980</year>
		<publisher>Palo Alto ICs Inc.</publisher>

		<part name="rom" interface="pet_a000_rom">
			<dataarea name="rom" size="0x800">
				<rom name="toolkit4-a000.bin" size="0x800" crc="95bc7177" sha1="e9d291a3e1d95152c9b54920c12d8aadd214f1d3" offset="0" />
			</dataarea>
		</part>
	</software>

	<software name="ud11">
		<description>UD11</description>
		<year>198?</year>
		<publisher>&lt;unknown&gt;</publisher>

		<part name="rom" interface="pet_a000_rom">
			<dataarea name="rom" size="0x1000">
				<rom name="pet8032sk_sv-ud11-2732-104883b.bin" size="0x1000" crc="43b25b7e" sha1="5ee1daac9101866cda0ab298aa870be9888fbc7f" offset="0" />
			</dataarea>
		</part>
	</software>

	<software name="wlstrbas">
		<description>Waterloo Structured BASIC</description>
		<year>1980</year>
		<publisher>University of Waterloo</publisher>

		<part name="rom" interface="pet_9000_rom">
			<dataarea name="rom" size="0x800">
				<rom name="wlstrbas-9000.bin" size="0x800" crc="d3f5b6e6" sha1="27e809138bc7a132a2a94ef8029ad8569d586cd6" offset="0" />
			</dataarea>
		</part>
	</software>

	<software name="wordcrft">
		<description>Wordcraft</description>
		<year>198?</year>
		<publisher>&lt;unknown&gt;</publisher>

		<part name="rom" interface="pet_9000_rom">
			<dataarea name="rom" size="0x1000">
				<rom name="wordcraft-9000.bin" size="0x1000" crc="d185aeb1" sha1="c02decd74cbb2f1e59548d181201abafdc97bf13" offset="0" />
			</dataarea>
		</part>
	</software>

	<software name="wordpro3">
		<description>WordPro 3</description>
		<year>1980</year>
		<publisher>Professional Software Inc.</publisher>

		<part name="rom" interface="pet_a000_rom">
			<dataarea name="rom" size="0x1000">
				<rom name="wordpro3-a000.bin" size="0x1000" crc="e445ad64" sha1="cb87a8d152813c6071652abd866efb25de247769" offset="0" />
			</dataarea>
		</part>
	</software>

	<software name="wordpro">
		<description>WordPro 4 Plus</description>
		<year>1980</year>
		<publisher>Professional Software Inc.</publisher>

		<part name="rom" interface="pet_a000_rom">
			<dataarea name="rom" size="0x1000">
				<rom name="wordpro-a000.bin" size="0x1000" crc="8fb42b4d" sha1="906d8ec3a0918d123e7d87bd3ebf6b0bc1bd87e0" offset="0" />
			</dataarea>
		</part>
	</software>

	<software name="kram2">
		<description>KRAM 2.0</description>
		<year>198?</year>
		<publisher>&lt;unknown&gt;</publisher>

		<part name="rom" interface="pet_a000_rom">
			<dataarea name="rom" size="0x1000">
				<rom name="kram2_pet8032_ud11_hn462532.bin" size="0x1000" crc="db606731" sha1="70b3fca8792e1010c3ad31e07df837f4772f8e3e" offset="0" />
			</dataarea>
		</part>
	</software>

	<software name="edex44fr">
		<description>Edex (France, v4.4)</description>
		<year>198?</year>
		<publisher>&lt;unknown&gt;</publisher>

		<part name="rom" interface="pet_a000_rom">
			<dataarea name="rom" size="0x1000">
				<rom name="edex_4.4_fr_91d9.ud11" size="0x1000" crc="82993411" sha1="d4bf02217e6b589bf0985ae81a9000119ac781c4" offset="0" />
			</dataarea>
		</part>
	</software>

	<software name="monjana1">
		<description>MONJANA/1</description>
		<year>1980</year>
		<publisher>Elcomp Publishing</publisher>
		<info name="usage" value="SYS38000"/>

		<part name="rom" interface="pet_9000_rom">
			<dataarea name="rom" size="0x800">
				<rom name="mon 697b.ud3" size="0x800" crc="4b34723a" sha1="b9b27a989e2ac059d84a23a64345e75dbcd5fa14" offset="0" />
			</dataarea>
		</part>
	</software>

</softwarelist>
