<?xml version="1.0"?>
<!DOCTYPE softwarelist SYSTEM "softwarelist.dtd">
<!--
license:CC0-1.0

Thanks to DCMOTO (http://dcmoto.free.fr) for info!
This list is exclusively for Italian MO5 and MO6 software
-->
<softwarelist name="pro128_cart" description="Olivetti Prodest PC 128 cartridges">

<!-- Applications -->

	<software name="colorpnt">
		<description>Colorpaint</description>
		<year>198?</year>
		<publisher>Olivetti Prodest?</publisher>

		<part name="cart" interface="mo_cart">
			<dataarea name="rom" size="32768">
				<rom name="colorpaint.bin" size="32768" crc="6548bc4e" sha1="4ab870877ffd25eec93d65507c4afe262369b0a1" offset="0" />
			</dataarea>
		</part>
	</software>

	<software name="colorpnta" cloneof="colorpnt">
		<description>Colorpaint (Alt)</description>
		<year>198?</year>
		<publisher>Olivetti Prodest?</publisher>

		<part name="cart" interface="mo_cart">
			<dataarea name="rom" size="32768">
				<rom name="colorpaint (alt).bin" size="32768" crc="8fa1493b" sha1="d27c6db21adb29dc76df33d7a3855f8532d8cc57" offset="0" />
			</dataarea>
		</part>
	</software>

	<software name="scriptor">
		<description>Scriptor</description>
		<year>1986</year>
		<publisher>Olivetti Prodest</publisher>

		<part name="cart" interface="mo_cart">
			<dataarea name="rom" size="16384">
				<rom name="scriptor.bin" size="16384" crc="d15ca6bc" sha1="ad39e669a0d8b8707b06db66cfb6fc389e8610b3" offset="0" />
			</dataarea>
		</part>
	</software>

	<software name="scriptora" cloneof="scriptor">
		<description>Scriptor (Alt)</description>
		<year>1986</year>
		<publisher>Olivetti Prodest</publisher>

		<part name="cart" interface="mo_cart">
			<dataarea name="rom" size="16384">
				<rom name="scriptor (alt).bin" size="16384" crc="3bb553c9" sha1="b8b4b7618684e0c9331e8759fe13b07d22340fbe" offset="0" />
			</dataarea>
		</part>
	</software>

</softwarelist>
